compartment,sign,magnitude,provenance,citation,note
g1,1,1,ASSUMPTION,PMID:27441388;PMID:31230716,"Default normalized forward-depression/backward-potentiation rule extended to this empirical compartment; citations establish cell-type-specific learning and branch asymmetry, not this numeric sign/magnitude assignment. No fitting."
g2,1,1,ASSUMPTION,PMID:27441388;PMID:31230716,"Default normalized forward-depression/backward-potentiation rule extended to this empirical compartment; citations establish cell-type-specific learning and branch asymmetry, not this numeric sign/magnitude assignment. No fitting."
g3,1,1,ASSUMPTION,PMID:27441388;PMID:31230716,"Default normalized forward-depression/backward-potentiation rule extended to this empirical compartment; citations establish cell-type-specific learning and branch asymmetry, not this numeric sign/magnitude assignment. No fitting."
g4,1,1,ASSUMPTION,PMID:27441388;PMID:31230716,"Default normalized forward-depression/backward-potentiation rule extended to this empirical compartment; citations establish cell-type-specific learning and branch asymmetry, not this numeric sign/magnitude assignment. No fitting."
g5,1,1,ASSUMPTION,PMID:27441388;PMID:31230716,"Default normalized forward-depression/backward-potentiation rule extended to this empirical compartment; citations establish cell-type-specific learning and branch asymmetry, not this numeric sign/magnitude assignment. No fitting."
bp1,1,1,ASSUMPTION,PMID:27441388;PMID:31230716,"Default normalized forward-depression/backward-potentiation rule extended to this empirical compartment; citations establish cell-type-specific learning and branch asymmetry, not this numeric sign/magnitude assignment. No fitting."
bp2,1,1,ASSUMPTION,PMID:27441388;PMID:31230716,"Default normalized forward-depression/backward-potentiation rule extended to this empirical compartment; citations establish cell-type-specific learning and branch asymmetry, not this numeric sign/magnitude assignment. No fitting."
b1,1,1,ASSUMPTION,PMID:27441388;PMID:31230716,"Default normalized forward-depression/backward-potentiation rule extended to this empirical compartment; citations establish cell-type-specific learning and branch asymmetry, not this numeric sign/magnitude assignment. No fitting."
b2,1,1,ASSUMPTION,PMID:27441388;PMID:31230716,"Default normalized forward-depression/backward-potentiation rule extended to this empirical compartment; citations establish cell-type-specific learning and branch asymmetry, not this numeric sign/magnitude assignment. No fitting."
a1,1,1,ASSUMPTION,PMID:27441388;PMID:31230716,"Default normalized forward-depression/backward-potentiation rule extended to this empirical compartment; citations establish cell-type-specific learning and branch asymmetry, not this numeric sign/magnitude assignment. No fitting."
a2,1,1,ASSUMPTION,PMID:27441388;PMID:31230716,"Default normalized forward-depression/backward-potentiation rule extended to this empirical compartment; citations establish cell-type-specific learning and branch asymmetry, not this numeric sign/magnitude assignment. No fitting."
a3,1,1,ASSUMPTION,PMID:27441388;PMID:31230716,"Default normalized forward-depression/backward-potentiation rule extended to this empirical compartment; citations establish cell-type-specific learning and branch asymmetry, not this numeric sign/magnitude assignment. No fitting."
ap1,1,1,ASSUMPTION,PMID:27441388;PMID:31230716,"Default normalized forward-depression/backward-potentiation rule extended to this empirical compartment; citations establish cell-type-specific learning and branch asymmetry, not this numeric sign/magnitude assignment. No fitting."
ap2,1,1,ASSUMPTION,PMID:27441388;PMID:31230716,"Default normalized forward-depression/backward-potentiation rule extended to this empirical compartment; citations establish cell-type-specific learning and branch asymmetry, not this numeric sign/magnitude assignment. No fitting."
ap3,1,1,ASSUMPTION,PMID:27441388;PMID:31230716,"Default normalized forward-depression/backward-potentiation rule extended to this empirical compartment; citations establish cell-type-specific learning and branch asymmetry, not this numeric sign/magnitude assignment. No fitting."
