cell_type,canonical_compartments,valence_sign,evidence,inference_basis,source,url,anatomy_source,anatomy_url,reference_status,empirical_compartment,anatomical_comparison,body_readout,notes
MBON01,g5;bp2,-1,INFERRED_SIGN,Aso2014 Table1 transmitter-class / activation-valence association; not individual effect size,PMID:25535794,https://elifesciences.org/articles/4580,PMID:33315010,https://pmc.ncbi.nlm.nih.gov/articles/PMC7909955/#fig7,published,g4,multi_compartment_disagrees,NOT-RUN,"Equal type weights are an ASSUMPTION; positive means inferred approach. Unknown signs contribute zero, not evidence of neutrality."
MBON02,b2;bp2,-1,INFERRED_SIGN,Aso2014 Table1 transmitter-class / activation-valence association; not individual effect size,PMID:25535794,https://elifesciences.org/articles/4580,PMID:33315010,https://pmc.ncbi.nlm.nih.gov/articles/PMC7909955/#fig7,published,a2,multi_compartment_disagrees,NOT-RUN,"Equal type weights are an ASSUMPTION; positive means inferred approach. Unknown signs contribute zero, not evidence of neutrality."
MBON03,bp2,-1,INFERRED_SIGN,Aso2014 Table1 transmitter-class / activation-valence association; not individual effect size,PMID:25535794,https://elifesciences.org/articles/4580,PMID:33315010,https://pmc.ncbi.nlm.nih.gov/articles/PMC7909955/#fig7,published,bp2,match,NOT-RUN,"Equal type weights are an ASSUMPTION; positive means inferred approach. Unknown signs contribute zero, not evidence of neutrality."
MBON04,bp2,-1,INFERRED_SIGN,Aso2014 Table1 transmitter-class / activation-valence association; not individual effect size,PMID:25535794,https://elifesciences.org/articles/4580,PMID:33315010,https://pmc.ncbi.nlm.nih.gov/articles/PMC7909955/#fig7,published,bp2,match,NOT-RUN,"Equal type weights are an ASSUMPTION; positive means inferred approach. Unknown signs contribute zero, not evidence of neutrality."
MBON05,g4,-1,INFERRED_SIGN,Aso2014 Table1 transmitter-class / activation-valence association; not individual effect size,PMID:25535794,https://elifesciences.org/articles/4580,PMID:33315010,https://pmc.ncbi.nlm.nih.gov/articles/PMC7909955/#fig7,published,g4,match,NOT-RUN,"Equal type weights are an ASSUMPTION; positive means inferred approach. Unknown signs contribute zero, not evidence of neutrality."
MBON06,b1,-1,INFERRED_SIGN,Aso2014 Table1 transmitter-class / activation-valence association; not individual effect size,PMID:25535794,https://elifesciences.org/articles/4580,PMID:33315010,https://pmc.ncbi.nlm.nih.gov/articles/PMC7909955/#fig7,published,a2,disagreement,NOT-RUN,"Equal type weights are an ASSUMPTION; positive means inferred approach. Unknown signs contribute zero, not evidence of neutrality."
MBON07,a1,-1,INFERRED_SIGN,Aso2014 Table1 transmitter-class / activation-valence association; not individual effect size,PMID:25535794,https://elifesciences.org/articles/4580,PMID:33315010,https://pmc.ncbi.nlm.nih.gov/articles/PMC7909955/#fig7,published,a2,disagreement,NOT-RUN,"Equal type weights are an ASSUMPTION; positive means inferred approach. Unknown signs contribute zero, not evidence of neutrality."
MBON09,g3;bp1,1,INFERRED_SIGN,Aso2014 Table1 transmitter-class / activation-valence association; not individual effect size,PMID:25535794,https://elifesciences.org/articles/4580,PMID:33315010,https://pmc.ncbi.nlm.nih.gov/articles/PMC7909955/#fig7,published,g4,multi_compartment_disagrees,NOT-RUN,"Equal type weights are an ASSUMPTION; positive means inferred approach. Unknown signs contribute zero, not evidence of neutrality."
MBON10,bp1,1,INFERRED_SIGN,Aso2014 Table1 transmitter-class / activation-valence association; not individual effect size,PMID:25535794,https://elifesciences.org/articles/4580,PMID:33315010,https://pmc.ncbi.nlm.nih.gov/articles/PMC7909955/#fig8,published,bp2,disagreement,NOT-RUN,"Equal type weights are an ASSUMPTION; positive means inferred approach. Unknown signs contribute zero, not evidence of neutrality."
MBON11,g1,1,INFERRED_SIGN,Aso2014 Table1 transmitter-class / activation-valence association; not individual effect size,PMID:25535794,https://elifesciences.org/articles/4580,PMID:33315010,https://pmc.ncbi.nlm.nih.gov/articles/PMC7909955/#fig7,published,g4,disagreement,NOT-RUN,"Equal type weights are an ASSUMPTION; positive means inferred approach. Unknown signs contribute zero, not evidence of neutrality."
MBON12,g2;ap1,1,INFERRED_SIGN,Aso2014 Table1 transmitter-class / activation-valence association; not individual effect size,PMID:25535794,https://elifesciences.org/articles/4580,PMID:33315010,https://pmc.ncbi.nlm.nih.gov/articles/PMC7909955/#fig7,published,g4,multi_compartment_disagrees,NOT-RUN,"Equal type weights are an ASSUMPTION; positive means inferred approach. Unknown signs contribute zero, not evidence of neutrality."
MBON13,ap2,1,INFERRED_SIGN,Aso2014 Table1 transmitter-class / activation-valence association; not individual effect size,PMID:25535794,https://elifesciences.org/articles/4580,PMID:33315010,https://pmc.ncbi.nlm.nih.gov/articles/PMC7909955/#fig7,published,bp2,disagreement,NOT-RUN,"Equal type weights are an ASSUMPTION; positive means inferred approach. Unknown signs contribute zero, not evidence of neutrality."
MBON14,a3,1,INFERRED_SIGN,Aso2014 Table1 transmitter-class / activation-valence association; not individual effect size,PMID:25535794,https://elifesciences.org/articles/4580,PMID:33315010,https://pmc.ncbi.nlm.nih.gov/articles/PMC7909955/#fig7,published,a2,disagreement,NOT-RUN,"Equal type weights are an ASSUMPTION; positive means inferred approach. Unknown signs contribute zero, not evidence of neutrality."
MBON15,ap1,1,INFERRED_SIGN,Aso2014 Table1 transmitter-class / activation-valence association; not individual effect size,PMID:25535794,https://elifesciences.org/articles/4580,PMID:33315010,https://pmc.ncbi.nlm.nih.gov/articles/PMC7909955/#fig7,published,bp2,disagreement,NOT-RUN,"Equal type weights are an ASSUMPTION; positive means inferred approach. Unknown signs contribute zero, not evidence of neutrality."
MBON15-like,ap1;ap2,0,UNASSIGNED,No sign assigned from this primary adult map,UNASSIGNED,,PMID:33315010,https://pmc.ncbi.nlm.nih.gov/articles/PMC7909955/#fig7,published,bp2,multi_compartment_disagrees,NOT-RUN,"Equal type weights are an ASSUMPTION; positive means inferred approach. Unknown signs contribute zero, not evidence of neutrality."
MBON16,ap3,1,INFERRED_SIGN,Aso2014 Table1 transmitter-class / activation-valence association; not individual effect size,PMID:25535794,https://elifesciences.org/articles/4580,PMID:33315010,https://pmc.ncbi.nlm.nih.gov/articles/PMC7909955/#fig7,published,bp2,disagreement,NOT-RUN,"Equal type weights are an ASSUMPTION; positive means inferred approach. Unknown signs contribute zero, not evidence of neutrality."
MBON17,ap3,1,INFERRED_SIGN,Aso2014 Table1 transmitter-class / activation-valence association; not individual effect size,PMID:25535794,https://elifesciences.org/articles/4580,PMID:33315010,https://pmc.ncbi.nlm.nih.gov/articles/PMC7909955/#fig7,published,bp2,disagreement,NOT-RUN,"Equal type weights are an ASSUMPTION; positive means inferred approach. Unknown signs contribute zero, not evidence of neutrality."
MBON17-like,ap2;ap3,0,UNASSIGNED,No sign assigned from this primary adult map,UNASSIGNED,,PMID:33315010,https://pmc.ncbi.nlm.nih.gov/articles/PMC7909955/#fig7,published,bp2,multi_compartment_disagrees,NOT-RUN,"Equal type weights are an ASSUMPTION; positive means inferred approach. Unknown signs contribute zero, not evidence of neutrality."
MBON18,a2,1,INFERRED_SIGN,Aso2014 Table1 transmitter-class / activation-valence association; not individual effect size,PMID:25535794,https://elifesciences.org/articles/4580,PMID:33315010,https://pmc.ncbi.nlm.nih.gov/articles/PMC7909955/#fig7,published,a2,match,NOT-RUN,"Equal type weights are an ASSUMPTION; positive means inferred approach. Unknown signs contribute zero, not evidence of neutrality."
MBON19,a2;a3,1,INFERRED_SIGN,Aso2014 Table1 transmitter-class / activation-valence association; not individual effect size,PMID:25535794,https://elifesciences.org/articles/4580,PMID:33315010,https://pmc.ncbi.nlm.nih.gov/articles/PMC7909955/#fig7,published,b1,multi_compartment_disagrees,NOT-RUN,"Equal type weights are an ASSUMPTION; positive means inferred approach. Unknown signs contribute zero, not evidence of neutrality."
MBON20,g1;g2,0,UNASSIGNED,No sign assigned from this primary adult map,UNASSIGNED,,PMID:33315010,https://pmc.ncbi.nlm.nih.gov/articles/PMC7909955/#fig8,published,g4,multi_compartment_disagrees,NOT-RUN,"Equal type weights are an ASSUMPTION; positive means inferred approach. Unknown signs contribute zero, not evidence of neutrality."
MBON21,g4;g5,0,UNASSIGNED,No sign assigned from this primary adult map,UNASSIGNED,,PMID:33315010,https://pmc.ncbi.nlm.nih.gov/articles/PMC7909955/#fig7,published,g4,multi_compartment_contains_cluster,NOT-RUN,"Equal type weights are an ASSUMPTION; positive means inferred approach. Unknown signs contribute zero, not evidence of neutrality."
MBON22,,0,UNASSIGNED,No sign assigned from this primary adult map,UNASSIGNED,,PMID:33315010,https://pmc.ncbi.nlm.nih.gov/articles/PMC7909955/#fig7,outside_15,g4,outside_15,NOT-RUN,"Equal type weights are an ASSUMPTION; positive means inferred approach. Unknown signs contribute zero, not evidence of neutrality."
MBON23,a2,0,UNASSIGNED,No sign assigned from this primary adult map,UNASSIGNED,,PMID:33315010,https://pmc.ncbi.nlm.nih.gov/articles/PMC7909955/#fig7,published,a2,match,NOT-RUN,"Equal type weights are an ASSUMPTION; positive means inferred approach. Unknown signs contribute zero, not evidence of neutrality."
MBON24,bp2;g5,0,UNASSIGNED,No sign assigned from this primary adult map,UNASSIGNED,,PMID:33315010,https://pmc.ncbi.nlm.nih.gov/articles/PMC7909955/#fig8,published,a2,multi_compartment_disagrees,NOT-RUN,"Equal type weights are an ASSUMPTION; positive means inferred approach. Unknown signs contribute zero, not evidence of neutrality."
"MBON25,MBON34",g1;g2,0,UNASSIGNED,No sign assigned from this primary adult map,UNASSIGNED,,PMID:33315010,https://pmc.ncbi.nlm.nih.gov/articles/PMC7909955/#fig8,ambiguous_label,bp1,ambiguous_reference_label,NOT-RUN,"Equal type weights are an ASSUMPTION; positive means inferred approach. Unknown signs contribute zero, not evidence of neutrality."
MBON26,bp2,0,UNASSIGNED,No sign assigned from this primary adult map,UNASSIGNED,,PMID:33315010,https://pmc.ncbi.nlm.nih.gov/articles/PMC7909955/#fig8,published,bp2,match,NOT-RUN,"Equal type weights are an ASSUMPTION; positive means inferred approach. Unknown signs contribute zero, not evidence of neutrality."
MBON27,g5,0,UNASSIGNED,No sign assigned from this primary adult map,UNASSIGNED,,PMID:33315010,https://pmc.ncbi.nlm.nih.gov/articles/PMC7909955/#fig8,published,g5,match,NOT-RUN,"Equal type weights are an ASSUMPTION; positive means inferred approach. Unknown signs contribute zero, not evidence of neutrality."
MBON28,ap3,0,UNASSIGNED,No sign assigned from this primary adult map,UNASSIGNED,,PMID:33315010,https://pmc.ncbi.nlm.nih.gov/articles/PMC7909955/#fig8,published,bp2,disagreement,NOT-RUN,"Equal type weights are an ASSUMPTION; positive means inferred approach. Unknown signs contribute zero, not evidence of neutrality."
MBON29,g4;g5,0,UNASSIGNED,No sign assigned from this primary adult map,UNASSIGNED,,PMID:33315010,https://pmc.ncbi.nlm.nih.gov/articles/PMC7909955/#fig8,published,g4,multi_compartment_contains_cluster,NOT-RUN,"Equal type weights are an ASSUMPTION; positive means inferred approach. Unknown signs contribute zero, not evidence of neutrality."
MBON30,g1;g2;g3,0,UNASSIGNED,No sign assigned from this primary adult map,UNASSIGNED,,PMID:33315010,https://pmc.ncbi.nlm.nih.gov/articles/PMC7909955/#fig8,published,g4,multi_compartment_disagrees,NOT-RUN,"Equal type weights are an ASSUMPTION; positive means inferred approach. Unknown signs contribute zero, not evidence of neutrality."
MBON31,ap1,0,UNASSIGNED,No sign assigned from this primary adult map,UNASSIGNED,,PMID:33315010,https://pmc.ncbi.nlm.nih.gov/articles/PMC7909955/#fig8,published,bp2,disagreement,NOT-RUN,"Equal type weights are an ASSUMPTION; positive means inferred approach. Unknown signs contribute zero, not evidence of neutrality."
MBON32,g2,0,UNASSIGNED,No sign assigned from this primary adult map,UNASSIGNED,,PMID:33315010,https://pmc.ncbi.nlm.nih.gov/articles/PMC7909955/#fig8,published,g4,disagreement,NOT-RUN,"Equal type weights are an ASSUMPTION; positive means inferred approach. Unknown signs contribute zero, not evidence of neutrality."
MBON33,g2;g3,0,UNASSIGNED,No sign assigned from this primary adult map,UNASSIGNED,,PMID:33315010,https://pmc.ncbi.nlm.nih.gov/articles/PMC7909955/#fig8,published,g2,multi_compartment_contains_cluster,NOT-RUN,"Equal type weights are an ASSUMPTION; positive means inferred approach. Unknown signs contribute zero, not evidence of neutrality."
MBON35,g2,0,UNASSIGNED,No sign assigned from this primary adult map,UNASSIGNED,,PMID:33315010,https://pmc.ncbi.nlm.nih.gov/articles/PMC7909955/#fig8,published,g4,disagreement,NOT-RUN,"Equal type weights are an ASSUMPTION; positive means inferred approach. Unknown signs contribute zero, not evidence of neutrality."
