id,modulator,receptor,target,target_class,target_nt,effect,edge_scope,magnitude,kernel,history,enabled,provenance,url,sign_provenance,expression_provenance,magnitude_provenance,magnitude_sweep,notes
DA_Dop1R1_forward,DA,Dop1R1,^KC,,,plasticity_rate,KC->MBON,-1.0,linear,kc_before_da,true,PMID:31230716; PMID:26637800,https://pmc.ncbi.nlm.nih.gov/articles/PMC9012144/,PUBLISHED,ASSUMPTION,ASSUMPTION,-0.5;-1.0;-1.5,KC-before-DA depression branch; separate history channel only. Generalization beyond measured gamma4 and coefficient magnitude are assumptions.
DA_Dop1R2_backward,DA,Dop1R2,^KC,,,plasticity_rate,KC->MBON,0.55,linear,da_before_kc,true,PMID:31230716; PMID:29166600; PMID:26627257,https://pmc.ncbi.nlm.nih.gov/articles/PMC9012144/,PUBLISHED,ASSUMPTION,ASSUMPTION,0.275;0.55;0.8250000000000001,DA-before-KC potentiation/Gq forgetting pathway; separate history channel. Slower trace is a modeling assumption; Himmelreich describes fast calcium kinetics.
DA_Dop2R_gain,DA,Dop2R,^(?:PAM|PPL|PAL),,,gain,none,-0.2,"hill(1,1)",instant,true,INFERRED_SIGN; PMID:22308204,https://pmc.ncbi.nlm.nih.gov/articles/PMC3269839/,INFERRED_SIGN,ASSUMPTION,ASSUMPTION,-0.1;-0.2;-0.30000000000000004,Larval autoreceptor reduction in evoked DA release supports sign; adult named-DAN expression and excitability/release coefficients are assumed.
DA_Dop2R_release_prob,DA,Dop2R,^(?:PAM|PPL|PAL),,,release_prob,all_out,-0.2,"hill(1,1)",instant,true,INFERRED_SIGN; PMID:22308204,https://pmc.ncbi.nlm.nih.gov/articles/PMC3269839/,INFERRED_SIGN,ASSUMPTION,ASSUMPTION,-0.1;-0.2;-0.30000000000000004,Larval autoreceptor reduction in evoked DA release supports sign; adult named-DAN expression and excitability/release coefficients are assumed.
OA_OAMB_PAM,OA,OAMB,^PAM,,,gain,none,0.35,"hill(1,1)",instant,true,PMID:23103875,https://pmc.ncbi.nlm.nih.gov/articles/PMC3528794/,PUBLISHED,ASSUMPTION,ASSUMPTION,0.175;0.35;0.5249999999999999,Source-correct OAMB-dependent PAM reward relay. Uniform named-PAM expression and gain coefficient are assumed.
OA_Octbeta2R_PAM_requested,OA,Octβ2R,^PAM,,,gain,none,0.35,"hill(1,1)",instant,false,ASSUMPTION; requested brief identity contradicted by PMID:23103875,https://pmc.ncbi.nlm.nih.gov/articles/PMC3528794/,ASSUMPTION,ASSUMPTION,ASSUMPTION,0.175;0.35;0.5249999999999999,Disabled requested seed: Burke places OAMB on PAM; Octbeta2R experiments concern MB-MP1/PPL1 motivation neurons. No duplicate relay is applied.
OA_VS_gain,OA,OA_receptor_unspecified,^VS,,,gain,none,0.35,"hill(1,1)",instant,true,PMID:23142045,https://pubmed.ncbi.nlm.nih.gov/23142045/,PUBLISHED,ASSUMPTION,ASSUMPTION,0.175;0.35;0.5249999999999999,VS response gain direction is supported. Specific receptor identity and per-cell expression are unknown; magnitude is assumed.
OA_HS_gain,OA,OA_receptor_unspecified,^HS,,,gain,none,0.35,"hill(1,1)",instant,true,INFERRED_SIGN; PMID:23142045,https://pubmed.ncbi.nlm.nih.gov/23142045/,INFERRED_SIGN,ASSUMPTION,ASSUMPTION,0.175;0.35;0.5249999999999999,Extension of the VS flight-response direction uniformly to HS is a model assumption; receptor identity is unknown.
OA_HSVS_tau,OA,OA_receptor_unspecified,^(?:HS|VS),,,tau_m,none,-0.25,linear,instant,true,ASSUMPTION; biological context PMID:23142045,https://pubmed.ncbi.nlm.nih.gov/23142045/,ASSUMPTION,ASSUMPTION,ASSUMPTION,-0.125;-0.25;-0.375,A shorter membrane tau is an assumed implementation of temporal tuning; the source does not measure this model coefficient. Visual biology gate remains NOT-RUN.
ACh_mAChRA_KC,ACh,mAChR-A,^KC,,,gain,none,-0.2,"hill(1,1)",instant,true,PMID:31215865,https://elifesciences.org/articles/48264,PUBLISHED,ASSUMPTION,ASSUMPTION,-0.1;-0.2;-0.30000000000000004,Source-correct inhibitory muscarinic modulation of KC odor responses with dendritic localization; uniform KC coverage is assumed.
ACh_mAChRB_KC_requested,ACh,mAChR-B,^KC,,,gain,none,-0.2,"hill(1,1)",instant,false,ASSUMPTION; requested brief identity contradicted by PMID:31215865,https://elifesciences.org/articles/48264,ASSUMPTION,ASSUMPTION,ASSUMPTION,-0.1;-0.2;-0.30000000000000004,"Disabled requested seed: the cited Bielopolski paper studies mAChR-A, not a presynaptic mAChR-B autoreceptor."
sNPF_sNPFR_KC_release,sNPF,sNPFR,^KC,,,release_prob,KC->MBON,0.15,"hill(2,0.5)",instant,true,ASSUMPTION; biological context PMID:31308381,https://pmc.ncbi.nlm.nih.gov/articles/PMC6629635/,ASSUMPTION,ASSUMPTION,ASSUMPTION,0.075;0.15;0.22499999999999998,Adult KC-to-MBON receptor sign and strength are assumed; larval KC-to-pPAM recurrent reward evidence does not measure this coupling.
5HT_5HT7_GABA_ALLN,5HT,5-HT7,.*,ALLN,gaba,gain,none,0.2,"hill(1,1)",instant,true,PMID:32142699,https://pmc.ncbi.nlm.nih.gov/articles/PMC7133499/,PUBLISHED,ASSUMPTION,ASSUMPTION,0.1;0.2;0.30000000000000004,Basal serotonin excites 5HT7 GABAergic local neurons and suppresses PN output through inhibition. Coverage across positive-GABA ALLNs and magnitude are assumptions; high-dose CSD/PN effects differ.
